2022,name,pos,nfl-team,bye,injury,ffl-team,pts,avg,avg-3wk,wk18,wk17,wk16,wk15,wk14,wk13,wk12,wk11,wk10,wk9,wk8,wk7,wk6,wk5,wk4,wk3,wk2,wk1
1,Kansas City Chiefs,QB,KC,8,,Free Agent,465,27.35,23.67,13,28,30,38,21,22,17,32,39,32,0,31,18,36,26,15,20,47
2,Philadelphia Eagles,QB,PHI,7,,Free Agent,450,26.47,12,2,7,27,41,34,43,32,26,27,20,35,0,17,31,14,31,37,26
3,Buffalo Bills,QB,BUF,7,,Free Agent,438,25.76,17.67,25,0,28,43,22,19,33,11,16,23,17,0,31,43,27,25,38,37
4,Cincinnati Bengals,QB,CIN,10,,Free Agent,379,22.29,12,11,0,25,31,18,36,18,31,0,22,11,46,40,19,22,28,11,10
5,New York Giants,QB,NYG,9,,Free Agent,312,18.35,30.33,26,48,17,8,30,14,12,25,19,0,2,32,13,9,27,5,11,14
6,Derrick Henry,RB,TEN,6,,Free Agent,310,18.24,10.33,11,0,20,25,21,3,10,29,6,31,41,13,0,33,24,23,12,8
7,Jacksonville Jaguars,QB,JAX,11,,Free Agent,310,18.24,9,11,-2,18,34,43,16,27,0,19,17,4,20,30,5,4,31,22,11
8,Josh Jacobs,RB,LV,6,,Free Agent,306,18,8.67,4,18,4,10,20,22,49,15,19,8,5,45,0,28,37,9,7,6
9,Austin Ekeler,RB,LAC,8,,Free Agent,305,17.94,22,4,35,27,16,19,7,15,19,5,21,0,29,17,36,37,4,8,6
10,San Francisco 49ers,QB,SF,9,,Free Agent,303,17.82,19,22,20,15,20,30,15,13,35,17,0,18,13,18,20,14,5,23,5
11,Detroit Lions,QB,DET,6,,Free Agent,297,17.47,21,6,28,29,15,32,23,20,5,13,15,16,-8,0,0,40,13,33,17
12,Seattle Seahawks,QB,SEA,11,,Free Agent,297,17.47,12.33,10,17,10,12,22,24,18,0,20,21,20,14,5,27,38,19,1,19
13,Minnesota Vikings,QB,MIN,7,,Free Agent,296,17.41,17.67,15,12,26,32,25,10,26,-4,9,17,28,0,18,24,10,21,5,22
14,Chicago Bears,QB,CHI,14,,Free Agent,294,17.29,7,4,10,7,22,0,19,7,23,47,52,31,23,13,15,2,-4,8,15
15,Christian McCaffrey,RB,SF,9,,Free Agent,294,17.29,19.33,14,29,15,23,31,21,4,9,16,0,39,5,14,20,17,10,12,15
16,Tampa Bay Buccaneers,QB,TB,11,,Free Agent,290,17.06,24,18,44,10,20,9,19,19,0,19,15,14,8,13,20,30,13,10,9
17,Nick Chubb,RB,CLE,9,,Free Agent,290,17.06,13,18,11,10,9,5,8,22,5,15,0,32,20,6,33,21,21,40,14
18,Miami Dolphins,QB,MIA,11,,Free Agent,283,16.65,8.33,4,15,6,19,11,9,10,0,31,31,32,16,16,-2,11,11,50,13
19,Baltimore Ravens,QB,BAL,10,,Free Agent,276,16.24,6.67,-3,9,14,-1,3,14,22,13,0,16,22,6,14,13,10,48,52,24
20,Los Angeles Chargers,QB,LAC,8,,Free Agent,271,15.94,16.67,31,21,-2,1,15,13,31,16,9,12,0,17,2,14,24,10,27,30
21,Jamaal Williams,RB,DET,6,,Free Agent,271,15.94,17.67,27,25,1,3,3,13,14,36,15,10,27,5,0,5,30,30,5,22
22,Dallas Cowboys,QB,DAL,9,,Free Agent,260,15.29,16.67,8,15,27,22,11,22,16,25,21,0,31,11,4,0,20,14,13,0
23,Las Vegas Raiders,QB,LV,6,,Free Agent,257,15.12,13,8,30,1,22,-1,19,24,23,20,20,-2,14,0,20,8,21,21,9
24,Green Bay Packers,QB,GB,14,,Free Agent,255,15,13.33,9,21,10,8,0,15,20,22,24,10,16,20,9,19,18,18,17,-1
25,Saquon Barkley,RB,NYG,9,,Free Agent,254,14.94,9,0,5,22,21,4,17,14,3,25,0,15,13,19,20,15,22,8,31
26,Davante Adams,WR,LV,6,,Free Agent,243,14.29,12.33,7,29,1,2,7,31,7,28,19,28,0,9,0,26,10,10,8,21
27,Justin Jefferson,WR,MIN,7,,Free Agent,242,14.24,8,3,1,20,19,22,12,20,3,26,19,9,0,10,17,24,1,4,32
28,New England Patriots,D/ST,NE,10,,Free Agent,240,14.12,15.67,9,18,20,14,20,4,4,26,0,27,11,7,14,29,14,9,11,3
29,Las Vegas Raiders,K,LV,6,,Free Agent,239,14.06,14,14,22,6,10,17,18,7,26,2,8,0,15,0,29,13,10,23,19
30,Tony Pollard,RB,DAL,9,,Free Agent,237,13.94,2.67,1,0,7,10,23,30,6,32,22,0,44,10,4,18,0,10,19,1
31,Tyreek Hill,WR,MIA,11,,Free Agent,234,13.76,9,2,15,10,13,25,21,8,0,11,21,18,7,17,5,16,3,33,9
32,Miles Sanders,RB,PHI,7,,Free Agent,231,13.59,4.33,3,6,4,2,35,13,35,4,5,19,17,0,17,5,35,4,8,19
33,Cleveland Browns,QB,CLE,9,,Free Agent,229,13.47,15.67,12,24,11,11,14,2,9,30,15,0,23,2,3,14,14,20,14,11
34,Washington Commanders,QB,WAS,14,,Free Agent,228,13.41,14.67,19,2,23,11,0,16,15,6,0,13,23,16,0,20,4,-2,28,34
35,Atlanta Falcons,QB,ATL,14,,Free Agent,221,13,8,17,2,5,2,0,9,12,23,16,4,25,11,31,14,0,16,12,22
36,Dalvin Cook,RB,MIN,7,,Free Agent,218,12.82,3.67,1,3,7,23,11,18,5,7,23,11,24,0,17,31,8,17,2,10
37,Arizona Cardinals,QB,ARI,13,,Free Agent,217,12.76,4,0,12,0,-6,1,0,31,1,12,18,24,16,6,15,28,8,28,23
38,A.J. Brown,WR,PHI,7,,Free Agent,214,12.59,11.67,9,16,10,18,14,25,9,4,0,12,36,0,13,3,9,15,6,15
39,Baltimore Ravens,K,BAL,10,,Free Agent,214,12.59,12.33,17,14,6,4,12,4,22,7,0,11,6,23,5,27,17,18,15,6
40,Stefon Diggs,WR,BUF,7,,Free Agent,212,12.47,6.33,17,0,2,6,3,16,14,11,12,9,17,0,21,17,6,7,35,19
41,Dallas Cowboys,K,DAL,9,,Free Agent,211,12.41,11.33,-1,13,22,17,16,5,1,42,4,0,7,6,2,12,23,10,22,10
42,Travis Kelce,TE,KC,8,,Free Agent,210,12.35,6,3,4,11,10,7,3,12,32,15,10,0,9,10,30,16,14,5,19
43,New York Giants,K,NYG,9,,Free Agent,209,12.29,12.67,4,8,26,22,2,9,24,-2,10,0,11,11,6,13,9,23,32,1
44,Ezekiel Elliott,RB,DAL,9,,Free Agent,207,12.18,9.67,1,13,15,16,17,18,19,24,0,0,0,25,18,7,7,17,5,5
45,Seattle Seahawks,K,SEA,11,,Free Agent,204,12,7.33,10,8,4,14,6,11,10,0,16,11,16,24,13,19,21,11,1,9
46,Najee Harris,RB,PIT,9,,Free Agent,201,11.82,15,17,19,9,18,14,8,13,31,9,0,5,7,11,3,7,13,8,9
47,Kenneth Walker III,RB,SEA,11,,Free Agent,200,11.76,11.67,12,13,10,7,0,3,23,0,6,32,15,36,20,18,2,2,1,0
48,Joe Mixon,RB,CIN,10,,Free Agent,199,11.71,8.67,16,0,10,5,10,0,0,6,0,67,5,18,13,8,17,3,7,14
49,Pittsburgh Steelers,K,PIT,9,,Free Agent,198,11.65,10.33,12,14,5,13,-1,25,21,14,2,0,7,8,20,-3,27,2,13,19
50,New Orleans Saints,QB,NO,14,,Free Agent,197,11.59,2.67,11,-3,0,17,0,12,7,26,4,7,21,33,11,9,12,11,-1,20
51,Indianapolis Colts,K,IND,14,,Free Agent,195,11.47,7.33,14,1,7,29,0,14,9,14,12,2,14,11,10,30,2,17,0,9
52,CeeDee Lamb,WR,DAL,9,,Free Agent,195,11.47,16,12,10,26,12,3,16,11,4,29,0,14,7,6,5,16,15,7,2
53,Los Angeles Rams,K,LAR,7,,Free Agent,194,11.41,17.33,14,4,34,17,14,20,8,20,5,7,2,0,6,1,9,10,7,16
54,Houston Texans,QB,HOU,6,,Free Agent,190,11.18,15,27,7,11,27,14,5,4,5,10,11,6,20,0,3,12,8,3,17
55,Aaron Jones,RB,GB,14,,Free Agent,188,11.06,5.67,4,11,2,17,0,4,16,8,24,4,15,21,3,7,11,2,33,6
56,Denver Broncos,QB,DEN,9,,Free Agent,187,11,17,26,27,-2,1,29,6,6,5,7,0,10,3,11,1,30,3,8,16
57,Atlanta Falcons,K,ATL,14,,Free Agent,187,11,13.33,23,8,9,4,0,24,12,18,1,2,15,7,4,-2,15,18,2,27
58,Rhamondre Stevenson,RB,NE,10,,Free Agent,187,11,4,7,4,1,27,0,7,10,7,0,14,14,18,28,17,8,19,4,2
59,Pittsburgh Steelers,QB,PIT,9,,Free Agent,183,10.76,12,14,10,12,14,6,14,7,14,15,0,-2,6,21,5,12,15,8,12
60,Jaylen Waddle,WR,MIA,11,,Free Agent,181,10.65,10,4,5,21,18,3,0,8,0,6,15,24,8,10,2,3,10,31,13
61,New England Patriots,QB,NE,10,,Free Agent,180,10.59,18,19,17,18,6,3,12,23,2,0,7,5,3,20,10,5,11,12,7
62,New York Jets,K,NYJ,10,,Free Agent,179,10.53,4.33,3,7,3,2,4,32,16,7,0,15,2,16,6,8,6,30,19,3
63,Houston Texans,K,HOU,6,,Free Agent,179,10.53,9.33,6,15,7,6,27,8,3,4,14,5,6,17,0,21,5,8,13,14
64,Denver Broncos,K,DEN,9,,Free Agent,176,10.35,11.33,7,10,17,10,4,22,1,22,4,0,3,1,21,12,4,12,17,9
65,Travis Etienne,RB,JAX,11,,Free Agent,176,10.35,11.67,2,23,10,10,3,4,0,0,6,31,25,21,10,11,3,7,5,5
66,Carolina Panthers,QB,CAR,13,,Free Agent,176,10.35,15.67,-4,25,26,10,12,0,22,-3,3,13,15,18,-2,0,3,9,12,17
67,Buffalo Bills,D/ST,BUF,7,,Free Agent,174,10.24,17.67,43,0,10,-1,8,4,11,3,5,4,5,0,9,8,8,10,28,19
68,Carolina Panthers,K,CAR,13,,Free Agent,173,10.18,10.33,6,10,15,17,16,0,13,3,22,3,6,3,6,8,11,18,10,6
69,Arizona Cardinals,K,ARI,13,,Free Agent,170,10,17,0,22,29,32,4,0,5,6,13,3,10,14,2,2,8,18,1,1
70,Amari Cooper,WR,CLE,9,,Free Agent,170,10,12,5,24,7,5,4,4,9,25,3,0,17,7,11,14,0,17,17,1
71,Philadelphia Eagles,D/ST,PHI,7,,Free Agent,170,10,9.67,2,10,17,11,9,9,9,6,8,9,11,0,9,4,18,14,11,13
72,New England Patriots,K,NE,10,,Free Agent,170,10,3.67,5,8,-2,21,16,1,18,-2,0,22,33,2,5,19,6,15,2,1
73,James Conner,RB,ARI,13,,Free Agent,169,9.94,10.33,0,10,21,18,20,0,19,15,27,5,0,0,0,5,7,4,4,14
74,Buffalo Bills,K,BUF,7,,Free Agent,168,9.88,1.33,5,0,-1,6,12,10,15,37,16,9,11,0,6,5,11,2,15,9
75,New York Jets,QB,NYJ,10,,Free Agent,168,9.88,1.67,4,-4,5,17,2,15,30,0,0,10,14,3,1,15,16,-5,34,11
76,Cordarrelle Patterson,RB,ATL,14,,Free Agent,168,9.88,10.33,11,18,2,15,0,6,6,20,1,24,0,0,0,0,13,25,4,23
77,San Francisco 49ers,D/ST,SF,9,,Free Agent,166,9.76,7.33,14,1,7,5,8,23,15,9,9,0,5,-1,2,20,24,4,13,8
78,Cincinnati Bengals,K,CIN,10,,Free Agent,162,9.53,3,9,0,0,10,4,11,12,26,0,3,-3,5,13,7,21,8,22,14
79,Tennessee Titans,QB,TEN,6,,Free Agent,161,9.47,7,6,8,7,9,16,10,8,19,19,3,-4,0,0,8,15,21,-5,21
80,DeVonta Smith,WR,PHI,7,,Free Agent,159,9.35,14,6,11,25,12,13,17,5,7,8,2,2,0,11,8,1,23,8,0
81,Ja'Marr Chase,WR,CIN,10,,Free Agent,158,9.29,6.67,15,0,5,13,18,9,0,0,0,0,0,27,27,5,8,7,5,19
82,Taysom Hill,TE,NO,14,,Free Agent,158,9.29,10.67,2,15,15,12,0,11,1,5,0,0,7,8,3,48,12,0,1,18
83,Christian Kirk,WR,JAX,11,,Free Agent,158,9.29,6.67,16,2,2,9,4,10,4,0,24,14,4,9,7,1,6,14,21,11
84,AJ Dillon,RB,GB,14,,Free Agent,157,9.24,10.33,3,14,14,26,0,21,18,2,6,4,5,1,5,3,8,3,6,18
85,Miami Dolphins,K,MIA,11,,Free Agent,157,9.24,8.33,16,0,9,15,17,7,16,0,7,2,11,16,3,6,9,3,6,14
86,Dallas Cowboys,D/ST,DAL,9,,Free Agent,156,9.18,6.67,6,7,7,1,5,26,3,14,3,0,16,17,4,20,8,8,6,5
87,Amon-Ra St. Brown,WR,DET,6,,Free Agent,155,9.12,5.67,4,6,7,7,6,25,19,7,11,5,6,0,0,1,0,7,31,13
88,D'Andre Swift,RB,DET,6,,Free Agent,155,9.12,12.33,8,27,2,7,3,20,5,13,10,5,9,0,0,0,0,4,15,27
89,Philadelphia Eagles,K,PHI,7,,Free Agent,154,9.06,20,30,16,14,2,12,5,16,5,3,0,5,0,15,10,4,6,3,8
90,Jacksonville Jaguars,K,JAX,11,,Free Agent,154,9.06,12.67,8,14,16,14,14,8,8,0,-1,12,5,2,3,10,3,12,13,13
91,Tyler Lockett,WR,SEA,11,,Free Agent,154,9.06,4.33,12,1,0,6,13,19,13,0,11,13,11,4,1,24,7,7,10,2
92,San Francisco 49ers,K,SF,9,,Free Agent,153,9,11,8,12,13,0,5,25,11,8,9,0,7,22,2,7,3,11,6,4
93,Leonard Fournette,RB,TB,11,,Free Agent,153,9,6.33,0,3,16,7,4,7,0,0,12,5,15,1,16,30,12,6,6,13
94,David Montgomery,RB,CHI,14,,Free Agent,153,9,3.67,2,3,6,25,0,16,10,21,3,3,5,16,7,18,0,1,13,4
95,Alvin Kamara,RB,NO,14,,Free Agent,151,8.88,12.33,10,7,20,10,0,3,0,8,3,6,39,9,11,17,0,5,0,3
96,Brandon Aiyuk,WR,SF,9,,Free Agent,149,8.76,10.33,5,18,8,1,12,4,6,16,6,0,15,8,22,5,3,10,6,4
97,Cam Akers,RB,LAR,7,,Free Agent,149,8.76,22.67,12,13,43,9,12,26,3,6,2,0,0,0,0,3,1,14,5,0
98,Tyler Allgeier,RB,ATL,14,,Free Agent,149,8.76,14.33,13,19,11,25,0,5,5,5,2,11,14,15,5,4,10,2,3,0
99,Mike Evans,WR,TB,11,,Free Agent,149,8.76,14.33,0,41,2,8,4,5,3,0,5,4,12,9,4,8,24,0,6,14
100,Terry McLaurin,WR,WAS,14,,Free Agent,148,8.71,10.33,14,3,14,7,0,17,4,5,12,5,11,14,5,7,1,10,7,12
101,Los Angeles Chargers,K,LAC,8,,Free Agent,147,8.65,9.67,12,9,8,7,11,5,5,13,16,8,0,3,13,12,10,4,6,5
102,Tee Higgins,WR,CIN,10,,Free Agent,147,8.65,6.33,0,0,19,12,0,10,18,14,0,6,11,9,4,0,19,9,14,2
103,Minnesota Vikings,K,MIN,7,,Free Agent,147,8.65,13.67,19,-1,23,9,7,18,8,3,8,8,0,0,3,-3,23,-2,1,23
104,Jeff Wilson,RB,MIA,11,,Free Agent,147,8.65,9,7,7,13,0,2,0,14,0,23,14,3,5,0,23,17,8,9,2
105,Tampa Bay Buccaneers,K,TB,11,,Free Agent,145,8.53,7,7,-3,17,2,-2,5,7,0,0,14,10,3,19,9,11,14,16,16
106,Kansas City Chiefs,K,KC,8,,Free Agent,145,8.53,6.33,9,0,10,0,14,3,14,19,2,2,0,3,19,15,13,-1,9,14
107,Detroit Lions,K,DET,6,,Free Agent,145,8.53,7.67,5,13,5,5,13,26,9,7,7,1,11,15,0,0,7,2,14,5
108,Devin Singletary,RB,BUF,7,,Free Agent,145,8.53,7,0,0,21,6,3,15,7,19,22,4,7,0,10,4,6,15,1,5
109,Jacksonville Jaguars,D/ST,JAX,11,,Free Agent,144,8.47,14,19,12,11,21,13,-1,2,0,2,4,6,-2,-3,4,14,6,27,9
110,George Kittle,TE,SF,9,,Free Agent,144,8.47,17,16,9,26,23,2,2,2,22,2,0,10,16,8,2,2,2,0,0
111,Jerick McKinnon,RB,KC,8,,Free Agent,143,8.41,12,7,19,10,31,27,12,2,0,5,4,0,4,2,6,0,2,8,4
112,Green Bay Packers,D/ST,GB,14,,Free Agent,142,8.35,19.33,1,44,13,13,0,5,-1,3,5,3,8,17,2,6,6,7,9,1
113,Latavius Murray,RB,DEN,9,,Free Agent,141,8.29,10.67,21,6,5,24,3,5,9,16,4,0,15,12,6,0,15,0,0,0
114,Raheem Mostert,RB,MIA,11,,Free Agent,140,8.24,8,7,15,2,15,3,3,0,0,18,12,6,17,4,21,7,1,7,2
115,Dameon Pierce,RB,HOU,6,,Free Agent,140,8.24,0,0,0,0,0,15,9,0,0,9,13,11,11,0,20,23,20,6,3
116,Washington Commanders,K,WAS,14,,Free Agent,138,8.12,3,1,6,2,14,0,7,10,13,40,7,5,8,3,12,8,0,0,2
117,Cleveland Browns,K,CLE,9,,Free Agent,137,8.06,4,2,6,4,5,4,13,9,2,5,0,15,7,20,-2,12,4,5,26
118,Kansas City Chiefs,D/ST,KC,8,,Free Agent,137,8.06,8.33,11,9,5,6,23,-2,14,10,5,6,0,15,0,2,5,7,18,3
119,D'Onta Foreman,RB,CAR,13,,Free Agent,137,8.06,11.67,6,3,26,0,7,0,11,2,23,2,43,13,1,0,0,0,0,0
120,Jerry Jeudy,WR,DEN,9,,Free Agent,136,8,10.67,18,3,11,7,28,6,0,0,0,0,13,9,5,5,12,1,1,17
121,D.K. Metcalf,WR,SEA,11,,Free Agent,136,8,4,4,0,8,5,14,19,9,0,7,10,12,1,3,13,14,13,3,1
122,Chicago Bears,K,CHI,14,,Free Agent,135,7.94,4,1,4,7,1,0,5,4,5,5,6,5,24,1,26,14,22,6,-1
123,D.J. Moore,WR,CAR,13,,Free Agent,133,7.82,11.33,1,18,15,14,0,0,17,2,2,2,22,13,0,5,6,1,11,4
124,Green Bay Packers,K,GB,14,,Free Agent,132,7.76,18.67,15,23,18,6,0,8,8,2,4,3,2,3,1,16,9,2,11,1
125,Washington Commanders,D/ST,WAS,14,,Free Agent,131,7.71,10.33,20,5,6,0,0,6,4,28,17,5,6,5,10,8,1,5,0,5
126,Cooper Kupp,WR,LAR,7,,Free Agent,131,7.71,0,0,0,0,0,0,0,0,0,0,19,15,0,9,19,12,16,22,19
127,Indianapolis Colts,QB,IND,14,,Free Agent,130,7.65,3.33,14,8,-12,10,0,7,7,3,26,-6,3,6,33,-4,17,14,-8,12
128,Isiah Pacheco,RB,KC,8,,Free Agent,130,7.65,12.67,16,14,8,7,9,17,17,10,6,0,0,4,0,0,6,0,0,16
129,New Orleans Saints,K,NO,14,,Free Agent,130,7.65,5,-5,15,5,3,0,10,-3,13,6,7,3,14,14,19,14,-4,4,15
130,Los Angeles Rams,QB,LAR,7,,Free Agent,129,7.59,5.67,-3,-1,21,2,11,-2,5,21,5,8,21,0,11,5,-4,7,23,-1
131,Christian Watson,WR,GB,14,,Free Agent,129,7.59,5.33,11,1,4,4,0,25,18,18,31,2,1,0,0,0,11,0,0,3
132,Garrett Wilson,WR,NYJ,10,,Free Agent,129,7.59,3.33,8,1,1,9,7,16,23,1,0,9,11,2,0,2,4,6,24,5
133,Arizona Cardinals,D/ST,ARI,13,,Free Agent,128,7.53,4.33,4,3,6,12,4,0,4,0,8,12,5,26,14,2,13,3,15,-3
134,Baltimore Ravens,D/ST,BAL,10,,Free Agent,128,7.53,3.33,4,2,4,3,11,2,6,15,0,10,5,9,9,6,6,11,17,8
135,Jonathan Taylor,RB,IND,14,,Free Agent,127,7.47,0,0,0,0,1,0,10,19,17,25,0,5,7,0,0,2,9,5,27
136,T.J. Hockenson,TE,MIN,7,,Free Agent,126,7.41,10,1,5,24,5,5,3,11,3,4,7,8,4,0,0,33,8,2,3
137,Chris Olave,WR,NO,14,,Free Agent,126,7.41,5,11,4,0,5,0,6,6,17,4,7,5,10,0,12,13,14,6,6
138,Gabriel Davis,WR,BUF,7,,Free Agent,123,7.24,4,3,0,9,5,3,8,3,6,16,3,3,0,14,31,1,3,0,15
139,Indianapolis Colts,D/ST,IND,14,,Free Agent,121,7.12,9.67,18,2,9,25,0,4,3,7,2,9,5,4,6,10,6,6,0,5
140,Antonio Gibson,RB,WAS,14,,Free Agent,120,7.06,1,0,0,3,2,0,5,5,10,15,4,13,13,4,3,5,13,13,12
141,Khalil Herbert,RB,CHI,14,,Free Agent,119,7,2.67,5,3,0,0,0,0,0,0,5,2,19,15,7,1,9,36,3,14
142,Deebo Samuel,WR,SF,9,,Free Agent,117,6.88,0.67,2,0,0,0,14,5,4,18,4,0,0,4,8,10,18,7,9,14
143,Mark Andrews,TE,BAL,10,,Free Agent,116,6.82,4.67,0,10,4,3,1,5,7,6,0,0,3,0,17,15,1,22,17,5
144,Chris Godwin,WR,TB,11,,Free Agent,116,6.82,7,3,12,6,15,5,6,18,0,14,3,7,4,9,6,5,0,0,3
145,Jakobi Meyers,WR,NE,10,,Free Agent,116,6.82,12,10,11,15,4,0,2,6,5,0,2,13,10,6,18,0,0,9,5
146,Michael Pittman Jr.,WR,IND,14,,Free Agent,116,6.82,8,10,11,3,9,0,1,13,7,5,2,5,3,13,5,3,7,0,19
147,George Pickens,WR,PIT,9,,Free Agent,115,6.76,9.33,14,2,12,5,7,0,7,15,15,0,0,13,2,8,10,3,2,0
148,Seattle Seahawks,D/ST,SEA,11,,Free Agent,115,6.76,7,8,12,1,1,2,10,0,0,3,7,12,8,11,3,10,8,16,3
149,Cleveland Browns,D/ST,CLE,9,,Free Agent,114,6.71,7,3,12,6,8,5,39,3,2,-4,0,13,5,4,-4,4,10,1,7
150,Pittsburgh Steelers,D/ST,PIT,9,,Free Agent,114,6.71,11.67,13,7,15,7,2,4,8,5,13,0,0,0,2,-2,7,2,3,28
151,Zay Jones,WR,JAX,11,,Free Agent,113,6.65,1.67,2,2,1,31,14,1,16,0,6,4,2,6,4,1,0,15,2,6
152,Allen Lazard,WR,GB,14,,Free Agent,113,6.65,7.33,11,5,6,0,0,6,2,5,4,15,0,5,14,10,11,11,8,0
153,Donovan Peoples-Jones,WR,CLE,9,,Free Agent,113,6.65,4,4,8,0,10,11,18,1,13,9,0,8,5,7,5,7,1,0,6
154,Mike Williams,WR,LAC,8,,Free Agent,112,6.59,6.33,3,9,7,6,18,0,0,1,0,0,0,15,1,13,12,8,18,1
155,New Orleans Saints,D/ST,NO,14,,Free Agent,109,6.41,12,11,17,8,6,0,6,1,4,6,3,22,2,5,5,6,3,3,1
156,Curtis Samuel,WR,WAS,14,,Free Agent,109,6.41,4,0,0,12,4,0,8,1,12,3,14,7,7,0,6,3,5,16,11
157,Breece Hall,RB,NYJ,10,,Free Agent,108,6.35,0,0,0,0,0,0,0,0,0,0,0,0,17,21,29,17,8,13,3
158,New York Jets,D/ST,NYJ,10,,Free Agent,108,6.35,2.67,1,4,3,0,11,2,5,6,0,11,9,4,15,12,15,4,1,5
159,Tyler Boyd,WR,CIN,10,,Free Agent,107,6.29,2.33,5,0,2,10,0,6,1,4,0,4,10,22,6,3,4,17,3,10
160,Adam Thielen,WR,MIN,7,,Free Agent,107,6.29,2.67,7,1,0,11,13,2,13,2,4,6,6,0,12,2,7,13,5,3
161,Brian Robinson Jr.,RB,WAS,14,,Free Agent,106,6.24,4.33,0,8,5,9,0,10,19,5,18,4,2,8,16,2,0,0,0,0
162,Los Angeles Rams,D/ST,LAR,7,,Free Agent,104,6.12,12,6,-3,33,8,6,6,2,4,2,1,3,0,8,6,0,2,11,9
163,Tennessee Titans,K,TEN,6,,Free Agent,104,6.12,9.33,19,7,2,-1,2,4,7,2,5,7,2,17,0,3,8,10,1,9
164,Tampa Bay Buccaneers,D/ST,TB,11,,Free Agent,103,6.06,6,4,6,8,8,-1,2,7,0,5,7,-2,1,2,5,3,6,32,10
165,Miami Dolphins,D/ST,MIA,11,,Free Agent,103,6.06,7,10,6,5,1,1,7,24,0,5,11,1,11,6,2,1,1,-5,16
166,Drake London,WR,ATL,14,,Free Agent,103,6.06,7.67,12,4,7,5,0,9,2,7,10,0,3,0,4,3,1,12,17,7
167,Samaje Perine,RB,CIN,10,,Free Agent,103,6.06,0.67,1,0,1,2,12,14,18,29,0,5,1,0,1,4,0,12,0,3
168,Denver Broncos,D/ST,DEN,9,,Free Agent,102,6,3.33,5,5,0,15,8,10,2,-2,3,0,8,3,5,12,2,16,6,4
169,JuJu Smith-Schuster,WR,KC,8,,Free Agent,102,6,2.33,3,2,2,6,14,3,3,0,3,8,0,19,18,3,4,8,1,5
170,Cincinnati Bengals,D/ST,CIN,10,,Free Agent,101,5.94,9,21,0,6,11,5,4,1,2,0,11,4,6,1,4,7,14,3,1
171,Los Angeles Chargers,D/ST,LAC,8,,Free Agent,100,5.88,9.33,2,5,21,7,5,11,6,-2,3,4,0,9,6,0,10,-3,1,15
172,Jahan Dotson,WR,WAS,14,,Free Agent,99,5.82,8,7,3,14,17,0,12,0,1,1,0,0,0,0,0,11,1,14,18
173,Evan Engram,TE,JAX,11,,Free Agent,99,5.82,5,2,2,11,6,30,10,0,0,1,0,12,6,4,6,1,2,4,2
174,Tennessee Titans,D/ST,TEN,6,,Free Agent,99,5.82,6.33,6,9,4,9,-3,-3,1,1,9,2,11,25,0,6,10,4,-2,10
175,Houston Texans,D/ST,HOU,6,,Free Agent,98,5.76,13.33,20,8,12,-1,6,11,7,0,3,6,8,-2,0,3,0,11,6,0
176,Keenan Allen,WR,LAC,8,,Free Agent,97,5.71,13.33,24,6,10,8,9,15,11,7,0,0,0,1,0,0,0,0,0,6
177,Cole Kmet,TE,CHI,14,,Free Agent,97,5.71,7.67,12,9,2,2,0,7,2,3,21,18,8,3,1,4,1,4,0,0
178,Carolina Panthers,D/ST,CAR,13,,Free Agent,97,5.71,2.33,3,0,4,1,9,0,10,6,8,-3,5,1,14,4,14,17,3,1
179,Juwan Johnson,TE,NO,14,,Free Agent,95,5.59,2.67,2,6,0,20,0,0,0,11,11,11,1,17,4,1,3,0,4,4
180,Kenyan Drake,RB,BAL,10,,Free Agent,94,5.53,5.67,17,0,0,0,0,3,0,4,0,30,13,0,21,2,0,0,0,4
181,Atlanta Falcons,D/ST,ATL,14,,Free Agent,94,5.53,2.33,5,2,0,4,0,0,3,24,1,5,8,-4,15,-3,3,2,23,6
182,Mack Hollins,WR,LV,6,,Free Agent,94,5.53,1.67,1,4,0,11,6,3,13,5,1,1,6,11,0,0,3,22,6,1
183,Josh Palmer,WR,LAC,8,,Free Agent,92,5.41,2,5,0,1,4,5,6,5,24,4,10,0,0,5,2,2,9,10,0
184,Courtland Sutton,WR,DEN,9,,Free Agent,92,5.41,6.67,10,4,6,0,0,0,7,8,6,0,1,2,1,7,12,9,12,7
185,Clyde Edwards-Helaire,RB,KC,8,,Free Agent,91,5.35,0,0,0,0,0,0,0,0,0,0,1,0,13,3,3,26,13,11,21
186,Devin Duvernay,WR,BAL,10,,Free Agent,90,5.29,0,0,0,0,2,0,3,3,0,0,0,16,4,1,7,5,9,21,19
187,Kareem Hunt,RB,CLE,9,,Free Agent,90,5.29,1,2,0,1,2,0,6,1,5,1,0,7,10,1,15,5,5,6,23
188,K.J. Osborn,WR,MIN,7,,Free Agent,90,5.29,8,11,12,1,22,10,1,0,1,3,0,7,0,1,4,0,14,2,1
189,Dawson Knox,TE,BUF,7,,Free Agent,88,5.18,6,8,0,10,16,11,0,1,7,5,2,8,0,10,0,4,2,4,0
190,New York Giants,D/ST,NYG,9,,Free Agent,87,5.12,9,6,17,4,14,1,4,3,0,9,0,5,-3,4,2,12,0,6,3
191,Detroit Lions,D/ST,DET,6,,Free Agent,87,5.12,5,7,15,-7,18,5,4,3,7,12,10,-1,4,0,3,-5,3,13,-4
192,Minnesota Vikings,D/ST,MIN,7,,Free Agent,87,5.12,4.33,7,1,5,5,-5,2,16,-5,14,6,12,0,9,4,6,0,1,9
193,DeAndre Hopkins,WR,ARI,13,,Free Agent,86,5.06,0,0,0,0,6,5,0,15,9,9,10,22,10,0,0,0,0,0,0
194,Diontae Johnson,WR,PIT,9,,Free Agent,86,5.06,4.67,5,3,6,9,8,6,4,2,6,0,3,4,2,6,2,8,7,5
195,Marquise Brown,WR,ARI,13,,Free Agent,85,5,3.67,0,6,5,1,3,0,4,0,0,0,0,0,6,14,15,14,6,11
196,Brandin Cooks,WR,HOU,6,,Free Agent,85,5,10,17,3,10,0,0,0,5,7,3,0,7,4,0,2,12,2,5,8
197,Dallas Goedert,TE,PHI,7,,Free Agent,85,5,4.67,4,4,6,0,0,0,0,0,7,17,6,0,2,9,7,9,8,6
198,James Robinson,RB,NYJ,10,,Free Agent,85,5,0,0,0,0,0,0,1,0,1,0,11,1,0,5,3,2,21,17,23
199,Dalton Schultz,TE,DAL,9,,Free Agent,85,5,8.67,3,19,4,1,8,3,17,2,12,0,7,4,0,0,0,0,-1,6
200,Michael Carter,RB,NYJ,10,,Free Agent,84,4.94,1.33,0,0,4,2,-1,0,3,1,0,18,5,6,4,23,2,3,4,10
201,Alexander Mattison,RB,MIN,7,,Free Agent,83,4.88,9.67,25,3,1,0,0,11,1,0,1,0,14,0,0,3,8,13,0,3
202,James Cook,RB,BUF,7,,Free Agent,82,4.82,7.67,4,0,19,10,0,10,1,8,2,2,7,0,0,13,0,3,5,-2
203,Parris Campbell,WR,IND,14,,Free Agent,81,4.76,4,6,5,1,1,0,4,1,6,14,1,6,14,12,2,4,1,0,3
204,David Njoku,TE,CLE,9,,Free Agent,81,4.76,4.67,11,2,1,2,12,0,9,1,0,0,0,7,5,8,5,15,3,0
205,Rachaad White,RB,TB,11,,Free Agent,81,4.76,5.33,1,4,11,3,5,11,10,0,10,2,3,2,2,3,13,0,0,1
206,Pat Freiermuth,TE,PIT,9,,Free Agent,80,4.71,3,0,3,6,0,10,7,3,7,3,0,5,7,0,1,8,4,9,7
207,Las Vegas Raiders,D/ST,LV,6,,Free Agent,80,4.71,1,2,-2,3,13,6,7,8,3,0,-1,0,15,0,3,18,4,1,0
208,Jordan Akins,TE,HOU,6,,Free Agent,79,4.65,9.67,23,3,3,9,0,2,11,0,7,0,0,6,0,2,3,10,0,0
209,J.K. Dobbins,RB,BAL,10,,Free Agent,79,4.65,4.67,0,9,5,12,22,0,0,0,0,0,0,0,1,4,23,3,0,0
210,Gerald Everett,TE,LAC,8,,Free Agent,79,4.65,5,7,8,0,4,2,8,3,0,2,3,0,6,2,0,13,2,7,12
211,Darius Slayton,WR,NYG,9,,Free Agent,78,4.59,2,0,-1,7,2,4,9,6,8,16,0,6,12,1,7,1,0,0,0
212,Damien Harris,RB,NE,10,,Free Agent,77,4.53,2.67,4,4,0,0,0,0,1,8,0,0,4,0,0,1,18,14,18,5
213,Tyler Higbee,TE,LAR,7,,Free Agent,77,4.53,9,3,1,23,9,1,1,0,4,7,0,1,0,0,4,7,6,7,3
214,Marquez Valdes-Scantling,WR,KC,8,,Free Agent,77,4.53,1.33,2,2,0,9,2,7,5,1,13,1,0,11,0,9,6,4,1,4
215,Mecole Hardman,WR,KC,8,,Free Agent,76,4.47,0,0,0,0,0,0,0,0,0,0,14,0,32,11,7,0,0,4,8
216,Chuba Hubbard,RB,CAR,13,,Free Agent,75,4.41,8,6,6,12,6,19,0,6,2,1,0,0,17,0,0,0,2,-2,0
217,Isaiah McKenzie,WR,BUF,7,,Free Agent,74,4.35,0.33,1,0,0,2,2,4,16,0,4,1,10,0,0,0,9,14,3,8
218,Richie James,WR,NYG,9,,Free Agent,73,4.29,7.67,0,14,9,4,13,2,11,11,0,0,-4,0,1,1,-2,3,5,5
219,Russell Gage,WR,TB,11,,Free Agent,72,4.24,5.67,8,3,6,19,8,1,0,0,0,0,0,3,2,4,2,13,2,1
220,Rashid Shaheed,WR,NO,14,,Free Agent,72,4.24,4.67,3,7,4,16,0,7,5,0,1,0,3,12,14,0,0,0,0,0
221,Nyheim Hines,RB,BUF,7,,Free Agent,71,4.18,11,33,0,0,8,0,2,0,0,0,0,14,4,0,0,0,2,3,5
222,Noah Fant,TE,SEA,11,,Free Agent,70,4.12,4.67,2,4,8,10,0,11,3,0,3,9,1,0,4,4,7,2,1,1
223,Noah Brown,WR,DAL,9,,Free Agent,69,4.06,0.33,1,0,0,18,8,1,0,4,0,0,0,3,1,0,6,5,16,6
224,Tyler Conklin,TE,NYJ,10,,Free Agent,69,4.06,4,1,8,3,0,2,0,5,1,0,0,21,2,1,0,5,8,4,8
225,Zach Ertz,TE,ARI,13,,Free Agent,69,4.06,0,0,0,0,0,0,0,0,0,1,11,10,4,7,4,11,4,7,10
226,DeVante Parker,WR,NE,10,,Free Agent,69,4.06,7,21,0,0,0,2,1,8,1,0,0,0,6,6,0,9,15,0,0
227,Kenneth Gainwell,RB,PHI,7,,Free Agent,68,4,3,3,1,5,0,0,4,13,0,0,13,0,0,2,2,11,0,1,13
228,Alec Pierce,WR,IND,14,,Free Agent,68,4,2.33,4,1,2,0,0,15,0,2,0,2,6,3,11,8,8,6,0,0
229,Gus Edwards,RB,BAL,10,,Free Agent,67,3.94,3.33,1,0,9,5,6,1,13,0,0,0,6,26,0,0,0,0,0,0
230,Marvin Jones,WR,JAX,11,,Free Agent,67,3.94,3,2,6,1,8,2,1,9,0,3,4,0,5,0,10,0,10,3,3
231,D.J. Chark,WR,DET,6,,Free Agent,66,3.88,5.33,1,5,10,1,16,9,8,0,0,0,0,0,0,0,0,4,0,12
232,Michael Gallup,WR,DAL,9,,Free Agent,65,3.82,4.67,1,3,10,0,4,16,6,4,3,0,4,0,1,4,9,0,0,0
233,Mike Gesicki,TE,MIA,11,,Free Agent,65,3.82,4.67,4,8,2,0,0,0,0,0,3,0,10,2,20,3,2,0,11,0
234,Chris Moore,WR,HOU,6,,Free Agent,65,3.82,2,2,2,2,4,12,4,0,2,7,11,0,9,0,0,0,6,1,3
235,Kalif Raymond,WR,DET,6,,Free Agent,65,3.82,5,6,4,5,16,1,1,3,3,4,1,7,9,0,4,1,0,0,0
236,Olamide Zaccheaus,WR,ATL,14,,Free Agent,65,3.82,3.67,10,0,1,0,0,1,9,1,3,1,1,3,5,10,5,4,9,2
237,DeAndre Carter,WR,LAC,8,,Free Agent,64,3.76,1,2,1,0,1,0,1,14,3,13,5,0,3,1,0,-1,3,5,13
238,Eno Benjamin,RB,NO,14,,Free Agent,63,3.71,0.33,0,1,0,0,0,0,0,0,0,2,4,23,5,14,3,1,5,5
239,Isaiah Hodgins,WR,NYG,9,,Free Agent,63,3.71,8.67,0,11,15,3,12,11,3,0,4,0,0,0,0,4,0,0,0,0
240,Josh Reynolds,WR,DET,6,,Free Agent,63,3.71,1.33,1,0,3,0,12,1,0,0,0,0,1,0,0,9,15,9,10,2
241,Marquise Goodwin,WR,SEA,11,,Free Agent,62,3.65,0,0,0,0,1,16,1,4,0,10,0,3,20,2,0,0,3,0,2
242,Chigoziem Okonkwo,TE,TEN,6,,Free Agent,62,3.65,4.67,11,2,1,5,13,6,3,3,4,4,0,0,0,0,10,0,0,0
243,Corey Davis,WR,NYJ,10,,Free Agent,61,3.59,2,1,4,1,0,1,8,0,0,0,0,0,0,5,3,14,2,15,7
244,Hunter Henry,TE,NE,10,,Free Agent,61,3.59,3,4,5,0,0,7,1,13,2,0,5,2,1,13,5,1,0,0,2
245,Treylon Burks,WR,TEN,6,,Free Agent,60,3.53,3.33,1,8,1,0,0,9,17,11,2,0,0,0,0,0,1,1,4,5
246,Melvin Gordon,RB,KC,8,,Free Agent,59,3.47,0,0,0,0,0,0,0,0,6,6,0,14,4,0,9,-2,14,4,4
247,Darnell Mooney,WR,CHI,14,,Free Agent,59,3.47,0,0,0,0,0,0,0,0,9,5,11,7,5,6,5,9,2,0,0
248,Greg Dortch,WR,ARI,13,,Free Agent,58,3.41,5.33,4,1,11,0,0,0,0,10,0,0,-1,7,0,0,0,8,12,6
249,Chase Edmonds,RB,DEN,9,,Free Agent,58,3.41,5,4,6,5,0,0,0,0,0,0,0,1,1,2,0,8,22,3,6
250,Darrell Henderson,RB,---,-,,Free Agent,61,3.39,0,0,0,0,0,0,0,0,0,13,5,2,0,14,3,3,1,14,6
